,Optimal lambda MSE,Min test MSE,Optimal lambda R2,Max test R2
1,0.00031622776601683794,0.04294441190829032,0.00031622776601683794,0.7799653661210365
2,1e-05,0.03694001996610311,1e-05,0.809226560091972
3,1e-05,0.014727493841317892,1e-05,0.9228926061586831
4,1e-05,0.013790168030036177,1e-05,0.9173447477815393
5,1e-05,0.012833442471674554,1e-05,0.9278245470792978
