,Optimal lambda MSE,Min test MSE,Optimal lambda R2,Max test R2
4,1e-05,549.2418184828667,1e-05,0.8861073209370218
5,1e-05,481.1107700127332,1e-05,0.9000720713194285
